photo/birthday/執行署上半年度慶生會-1(20000629).jpg,執行署上半年度慶生會-1(20000629)
photo/birthday/執行署上半年度慶生會-2(20000629).jpg,執行署上半年度慶生會-2(20000629)
photo/birthday/執行署上半年度慶生會-3(20000629).jpg,執行署上半年度慶生會-3(20000629)
photo/birthday/執行署上半年度慶生會-4(20000629).jpg,執行署上半年度慶生會-4(20000629)
photo/birthday/執行署慶生會-1(20000930).jpg,執行署慶生會-1(20000930)
photo/birthday/執行署慶生會-1(20010329).jpg,執行署慶生會-1(20010329)
photo/birthday/執行署慶生會-1(20010928).jpg,執行署慶生會-1(20010928)
photo/birthday/執行署慶生會-2(20000930).jpg,執行署慶生會-2(20000930)
photo/birthday/執行署慶生會-2(20010329).jpg,執行署慶生會-2(20010329)
photo/birthday/執行署慶生會-2(20010928).jpg,執行署慶生會-2(20010928)
photo/birthday/執行署慶生會-3(20000930).jpg,執行署慶生會-3(20000930)
photo/birthday/執行署慶生會-3(20010928).jpg,執行署慶生會-3(20010928)
photo/birthday/執行署慶生會-4(20000930).jpg,執行署慶生會-4(20000930)
photo/birthday/執行署慶生會-4(20010928).jpg,執行署慶生會-4(20010928)
photo/birthday/慶生會-1(20020618).jpg,慶生會-1(20020618)
photo/birthday/慶生會-2(20020618).jpg,慶生會-2(20020618)
