89/890101本署佈達-1.jpg,890101本署佈達-1.jpg
89/890101本署佈達-2.jpg,890101本署佈達-2.jpg
89/890101本署佈達-3.jpg,890101本署佈達-3.jpg
89/890101本署佈達-4.jpg,890101本署佈達-4.jpg
89/890101本署佈達-5.jpg,890101本署佈達-5.jpg
89/890101本署佈達-6.jpg,890101本署佈達-6.jpg
89/890101本署佈達-7.jpg,890101本署佈達-7.jpg
89/890101本署佈達-8.jpg,890101本署佈達-8.jpg
89/890101本署成立慶祝酒會.jpg,890101本署成立慶祝酒會.jpg
89/890101法務部葉部長金鋒主持行政執行署成立佈達典禮.jpg,890101法務部葉部長金鋒主持行政執行署成立佈達典禮.jpg
89/890101法務部葉部長金鋒主持行政執行署成立佈達典禮後與出席貴賓合影.jpg,890101法務部葉部長金鋒主持行政執行署成立佈達典禮後與出席貴賓合影.jpg
89/890101法務部葉部長金鳳主持行政執行署成立佈達典禮並頒發印信與首任署長林雲虎.jpg,890101法務部葉部長金鳳主持行政執行署成立佈達典禮並頒發印信與首任署長林雲虎.jpg
89/890101行政執行署人員合照.jpg,890101行政執行署人員合照.jpg
89/890101行政執行署成立開始8人.jpg,890101行政執行署成立開始8人.jpg
89/890107已報到人員.jpg,890107已報到人員.jpg
89/890516林次長.謝次長.葉部長視察2.jpg,890516林次長.謝次長.葉部長視察2.jpg
89/890516葉部長至本署視察1.jpg,890516葉部長至本署視察1.jpg
89/890803法務部陳部長定南首次巡視法務部行政執行署聽取林署長雲虎業務簡報.jpg,890803法務部陳部長定南首次巡視法務部行政執行署聽取林署長雲虎業務簡報.jpg
89/890803法務部陳部長定南首次巡視法務部行政執行署與該署主管舉行座談.jpg,890803法務部陳部長定南首次巡視法務部行政執行署與該署主管舉行座談.jpg
89/890803陳定南部長視察-1.jpg,890803陳定南部長視察-1.jpg
89/890803陳定南部長視察-2.jpg,890803陳定南部長視察-2.jpg
89/890918第一期執行官班開訓-2.jpg,890918第一期執行官班開訓-2.jpg
89/890918第一期執行官班開訓.jpg,890918第一期執行官班開訓.jpg
89/890921設置停車場公告.jpg,890921設置停車場公告.jpg
89/890926第一期執行官上課.jpg,890926第一期執行官上課.jpg
89/890930法務部司法官訓練所行政執行官班第一期結業合影.jpg,890930法務部司法官訓練所行政執行官班第一期結業合影.jpg
89/890930第一期執行官班結訓分發.jpg,890930第一期執行官班結訓分發.jpg
89/891229各執行處處長佈達-10屏東.jpg,891229各執行處處長佈達-10屏東.jpg
89/891229各執行處處長佈達-11花蓮.jpg,891229各執行處處長佈達-11花蓮.jpg
89/891229各執行處處長佈達-12宜蘭.jpg,891229各執行處處長佈達-12宜蘭.jpg
89/891229各執行處處長佈達-1台北.jpg,891229各執行處處長佈達-1台北.jpg
89/891229各執行處處長佈達-2板橋.jpg,891229各執行處處長佈達-2板橋.jpg
89/891229各執行處處長佈達-3桃園.jpg,891229各執行處處長佈達-3桃園.jpg
89/891229各執行處處長佈達-4新竹.jpg,891229各執行處處長佈達-4新竹.jpg
89/891229各執行處處長佈達-5台中.jpg,891229各執行處處長佈達-5台中.jpg
89/891229各執行處處長佈達-6彰化.jpg,891229各執行處處長佈達-6彰化.jpg
89/891229各執行處處長佈達-7嘉義.jpg,891229各執行處處長佈達-7嘉義.jpg
89/891229各執行處處長佈達-8台南.jpg,891229各執行處處長佈達-8台南.jpg
89/891229各執行處處長佈達-9高雄.jpg,891229各執行處處長佈達-9高雄.jpg
89/執行署上半年度慶生會-1(20000629).jpg,執行署上半年度慶生會-1(20000629).jpg
89/執行署上半年度慶生會-2(20000629).jpg,執行署上半年度慶生會-2(20000629).jpg
89/執行署上半年度慶生會-3(20000629).jpg,執行署上半年度慶生會-3(20000629).jpg
89/執行署上半年度慶生會-4(20000629).jpg,執行署上半年度慶生會-4(20000629).jpg
89/執行署慶生會-1(20000930).jpg,執行署慶生會-1(20000930).jpg
89/執行署慶生會-2(20000930).jpg,執行署慶生會-2(20000930).jpg
89/執行署慶生會-3(20000930).jpg,執行署慶生會-3(20000930).jpg
89/執行署慶生會-4(20000930).jpg,執行署慶生會-4(20000930).jpg
89/本署暨各行政執行處辦公廳舍相關設備購置案-1(20001006).jpg,本署暨各行政執行處辦公廳舍相關設備購置案-1(20001006).jpg
89/本署暨各行政執行處辦公廳舍相關設備購置案-2(20001006).jpg,本署暨各行政執行處辦公廳舍相關設備購置案-2(20001006).jpg
89/本署暨各行政執行處辦公廳舍相關設備購置案-3(20001006).jpg,本署暨各行政執行處辦公廳舍相關設備購置案-3(20001006).jpg
89/本署暨各行政執行處辦公廳舍相關設備購置案-4(20001006).jpg,本署暨各行政執行處辦公廳舍相關設備購置案-4(20001006).jpg
89/第一期執行官班上課-1(20000920).jpg,第一期執行官班上課-1(20000920).jpg
89/第一期執行官班上課-2(20000920).jpg,第一期執行官班上課-2(20000920).jpg
89/第一期執行官班上課-3(20000920).jpg,第一期執行官班上課-3(20000920).jpg
89/第一期執行官班上課-4(20000920).jpg,第一期執行官班上課-4(20000920).jpg
89/自強活動-1(20000917).jpg,自強活動-1(20000917).jpg
89/自強活動-2(20000917).jpg,自強活動-2(20000917).jpg
89/自強活動-3(20000917).jpg,自強活動-3(20000917).jpg
89/自強活動-4(20000917).jpg,自強活動-4(20000917).jpg
89/財稅案件執行實務講習-1(20000609).jpg,財稅案件執行實務講習-1(20000609).jpg
89/財稅案件執行實務講習-2(20000609).jpg,財稅案件執行實務講習-2(20000609).jpg
89/財稅案件執行實務講習-3(20000609).jpg,財稅案件執行實務講習-3(20000609).jpg
89/財稅案件執行實務講習-4(20000609).jpg,財稅案件執行實務講習-4(20000609).jpg