photo/botel/890101本署佈達-5.jpg,本署佈達典禮,photo/botel
photo/first member/890101行政執行署成立開始8人.jpg,成立報到人員,photo/first member
photo/Ms.Yeh visit/890516葉部長至本署視察1.jpg,葉金鳳部長視察,photo/Ms.Yeh visit
photo/Mr.Chen visit/890803陳定南部長視察-2.jpg,陳定南部長視察,photo/Mr.Chen visit
photo/Enforcement Officer training/92年度司法特考執行官班結訓合影(20050526).jpg,執行官訓練,photo/Enforcement Officer training
photo/enforcement place leader/891229各執行處處長佈達-6彰化.jpg,執行處處長佈達及交接,photo/enforcement place leader
photo/buy/本署暨各行政執行處辦公廳舍相關設備購置案-2(20001006).jpg,採購,photo/buy
photo/tax lesson/910321罰鍰移送觀摩會-1.jpg,財稅案件實務講習,photo/tax lesson
photo/Enforcement person/901224 90年執行員分發.jpg,執行員分發,photo/Enforcement person
photo/work meeting/911121第二十三次行政執行業務會報合影.jpg,業務會報,photo/work meeting
photo/best worker/行政院模範公務員--黃清赤主秘-1(20010612).jpg,行政院模範公務員,photo/best worker
photo/accounting check/89年會計業務巡查(900103).jpg,會計業務巡查及座談,photo/accounting check
photo/alternative military/九十二年度績優替代役役男研習會-3(20031204).jpg,替代役,photo/alternative military
photo/enforcement person clothes/920502執行人員第一款制服.jpg,執行員制服,photo/enforcement person clothes
photo/Secretary room workshop/法務部行政執行署及所屬94年度秘書室綜合業務研習會-2(20051226).jpg,秘書室研習,photo/Secretary room workshop
photo/Objection Statement workshop/署處聲明異議研習會-2(20040531).jpg,聲明異議研討會,photo/Objection Statement workshop
photo/sale/彰化處動產(車輛)拍賣-3(20041209).jpg,拍賣,photo/sale
photo/Mr.shih visit/施部長視察台中行政執行處-1(20060106).jpg,施部長訪視,photo/Mr.shih visit
photo/special events/執行績效突破3500億元 活動留影-1(20130710).jpg,執行成果展,photo/special events
photo/Ms.Wang visit/王部長視察台中行政執行處-3(20090316).jpg,王部長訪視,photo/Ms.Wang visit
photo/other events/990617 法務部98年度服務品質績優機關-服務規劃機關獎.jpg,服務品質獎,photo/other events
photo/new building/法務部行政執行署及士林分署新建辦公大樓落成啟用典禮-2(20130108).jpg,新建辦公大樓,photo/new building
photo/Ms.Luo visit/羅部長訪視行政執行署及士林分署-3(20131118).jpg,羅部長訪視,photo/Ms.Luo visit