photo/alternative military/97年下半年替代役績優服勤單位及優異役男表揚(20081118).jpg,97年下半年替代役績優服勤單位及優異役男表揚(20081118)
photo/alternative military/九十二年度績優替代役役男研習會-1(20031204).jpg,九十二年度績優替代役役男研習會-1(20031204)
photo/alternative military/九十二年度績優替代役役男研習會-2(20031204).jpg,九十二年度績優替代役役男研習會-2(20031204)
photo/alternative military/九十二年度績優替代役役男研習會-3(20031204).jpg,九十二年度績優替代役役男研習會-3(20031204)
photo/alternative military/九十二年度績優替代役役男研習會-4(20031204).jpg,九十二年度績優替代役役男研習會-4(20031204)
photo/alternative military/嘉義處役男生活-1.jpg,嘉義處役男生活-1
photo/alternative military/嘉義處役男生活-2.jpg,嘉義處役男生活-2
photo/alternative military/嘉義處役男生活-3.jpg,嘉義處役男生活-3
photo/alternative military/嘉義處役男生活-4.jpg,嘉義處役男生活-4
photo/alternative military/役男生活-1(20020415).jpg,役男生活-1(20020415)
photo/alternative military/役男生活-2(20020415).jpg,役男生活-2(20020415)
photo/alternative military/替代役類別-1(20020509).jpg,替代役類別-1(20020509)
photo/alternative military/替代役類別-10(20020509).jpg,替代役類別-10(20020509)
photo/alternative military/替代役類別-11(20020509).jpg,替代役類別-11(20020509)
photo/alternative military/替代役類別-12(20020509).jpg,替代役類別-12(20020509)
photo/alternative military/替代役類別-2(20020509).jpg,替代役類別-2(20020509)
photo/alternative military/替代役類別-3(20020509).jpg,替代役類別-3(20020509)
photo/alternative military/替代役類別-4(20020509).jpg,替代役類別-4(20020509)
photo/alternative military/替代役類別-5(20020509).jpg,替代役類別-5(20020509)
photo/alternative military/替代役類別-6(20020509).jpg,替代役類別-6(20020509)
photo/alternative military/替代役類別-7(20020509).jpg,替代役類別-7(20020509)
photo/alternative military/替代役類別-8(20020509).jpg,替代役類別-8(20020509)
photo/alternative military/替代役類別-9(20020509).jpg,替代役類別-9(20020509)
photo/alternative military/林署長雲虎於九十一年三月二十九日下午率同相關業務主管前往桃園行政執行處，瞭解本署已分發第一梯次司法行政替代役役男之工作情形及生活起居狀況-1(20020329).jpg,林署長雲虎於九十一年三月二十九日下午率同相關業務主管前往桃園行政執行處，瞭解本署已分發第一梯次司法行政替代役役男之工作情形及生活起居狀況-1(20020329)
photo/alternative military/林署長雲虎於九十一年三月二十九日下午率同相關業務主管前往桃園行政執行處，瞭解本署已分發第一梯次司法行政替代役役男之工作情形及生活起居狀況-2(20020329).jpg,林署長雲虎於九十一年三月二十九日下午率同相關業務主管前往桃園行政執行處，瞭解本署已分發第一梯次司法行政替代役役男之工作情形及生活起居狀況-2(20020329)
photo/alternative military/林署長雲虎於九十一年三月二十九日下午率同相關業務主管前往桃園行政執行處，瞭解本署已分發第一梯次司法行政替代役役男之工作情形及生活起居狀況-3(20020329).jpg,林署長雲虎於九十一年三月二十九日下午率同相關業務主管前往桃園行政執行處，瞭解本署已分發第一梯次司法行政替代役役男之工作情形及生活起居狀況-3(20020329)
photo/alternative military/林署長雲虎於九十一年三月二十九日下午率同相關業務主管前往桃園行政執行處，瞭解本署已分發第一梯次司法行政替代役役男之工作情形及生活起居狀況-4(20020329).jpg,林署長雲虎於九十一年三月二十九日下午率同相關業務主管前往桃園行政執行處，瞭解本署已分發第一梯次司法行政替代役役男之工作情形及生活起居狀況-4(20020329)
photo/alternative military/桃園處役男生活-1(20020412).jpg,桃園處役男生活-1(20020412)
photo/alternative military/桃園處役男生活-2(20020412).jpg,桃園處役男生活-2(20020412)
photo/alternative military/桃園處役男生活-3(20020412).jpg,桃園處役男生活-3(20020412)
photo/alternative military/桃園處役男生活-4(20020412).jpg,桃園處役男生活-4(20020412)
photo/alternative military/績優替代役男-1(20041123).jpg,績優替代役男-1(20041123)
photo/alternative military/績優替代役男-1(20050207).jpg,績優替代役男-1(20050207)
photo/alternative military/績優替代役男-1(20050613).jpg,績優替代役男-1(20050613)
photo/alternative military/績優替代役男-1.jpg,績優替代役男-1
photo/alternative military/績優替代役男-2(20041123).jpg,績優替代役男-2(20041123)
photo/alternative military/績優替代役男-2(20050207).jpg,績優替代役男-2(20050207)
photo/alternative military/績優替代役男-2(20050613).jpg,績優替代役男-2(20050613)
photo/alternative military/績優替代役男-2.jpg,績優替代役男-2
photo/alternative military/績優替代役男-3(20041123).jpg,績優替代役男-3(20041123)
photo/alternative military/績優替代役男-3(20050207).jpg,績優替代役男-3(20050207)
photo/alternative military/績優替代役男-3(20050613).jpg,績優替代役男-3(20050613)
photo/alternative military/績優替代役男-3.jpg,績優替代役男-3
photo/alternative military/績優替代役男-4(20041123).jpg,績優替代役男-4(20041123)
photo/alternative military/績優替代役男-4(20050207).jpg,績優替代役男-4(20050207)
photo/alternative military/績優替代役男-4(20050613).jpg,績優替代役男-4(20050613)
photo/alternative military/績優替代役男-4.jpg,績優替代役男-4
photo/alternative military/績優替代役男表揚-1(20040525).jpg,績優替代役男表揚-1(20040525)
photo/alternative military/績優替代役男表揚-2(20040525).jpg,績優替代役男表揚-2(20040525)
photo/alternative military/績優替代役男表揚-3(20040525).jpg,績優替代役男表揚-3(20040525)
photo/alternative military/績優替代役男表揚-4(20040525).jpg,績優替代役男表揚-4(20040525)
photo/alternative military/高雄處役男生活-1(20020411).jpg,高雄處役男生活-1(20020411)
photo/alternative military/高雄處役男生活-2(20020411).jpg,高雄處役男生活-2(20020411)
photo/alternative military/高雄處役男生活-3(20020411).jpg,高雄處役男生活-3(20020411)
photo/alternative military/高雄處役男生活-4(20020411).jpg,高雄處役男生活-4(20020411)
