photo/Enforcement Officer training/890918第一期執行官班開訓-2.jpg,890918第一期執行官班開訓-2
photo/Enforcement Officer training/890918第一期執行官班開訓.jpg,890918第一期執行官班開訓
photo/Enforcement Officer training/890926第一期執行官上課.jpg,890926第一期執行官上課
photo/Enforcement Officer training/890930法務部司法官訓練所行政執行官班第一期結業合影.jpg,890930法務部司法官訓練所行政執行官班第一期結業合影
photo/Enforcement Officer training/890930第一期執行官班結訓分發.jpg,890930第一期執行官班結訓分發
photo/Enforcement Officer training/920321執行官班第三期&執行業務研習會結訓-1.jpg,920321執行官班第三期&執行業務研習會結訓-1
photo/Enforcement Officer training/920321執行官班第三期&執行業務研習會結訓-2.jpg,920321執行官班第三期&執行業務研習會結訓-2
photo/Enforcement Officer training/92年度司法特考執行官班結訓合影(20050526).jpg,92年度司法特考執行官班結訓合影(20050526)
photo/Enforcement Officer training/執行官班上課-1(20010411).jpg,執行官班上課-1(20010411)
photo/Enforcement Officer training/執行官班上課-2(20010411).jpg,執行官班上課-2(20010411)
photo/Enforcement Officer training/執行官班上課-3(20010411).jpg,執行官班上課-3(20010411)
photo/Enforcement Officer training/執行官班上課-4(20010411).jpg,執行官班上課-4(20010411)
photo/Enforcement Officer training/第一期執行官班上課-1(20000920).jpg,第一期執行官班上課-1(20000920)
photo/Enforcement Officer training/第一期執行官班上課-2(20000920).jpg,第一期執行官班上課-2(20000920)
photo/Enforcement Officer training/第一期執行官班上課-3(20000920).jpg,第一期執行官班上課-3(20000920)
photo/Enforcement Officer training/第一期執行官班上課-4(20000920).jpg,第一期執行官班上課-4(20000920)
photo/Enforcement Officer training/第三期執行官班結訓合影&研習會結訓合影-1(20030321).jpg,第三期執行官班結訓合影&研習會結訓合影-1(20030321)
photo/Enforcement Officer training/第三期執行官班結訓合影&研習會結訓合影-2(20030321).jpg,第三期執行官班結訓合影&研習會結訓合影-2(20030321)
